Method,Mask,Accuracy,Macro-F1,ROC-AUC,Accuracy_mean,Accuracy_std,Macro-F1_mean,Macro-F1_std,ROC-AUC_mean,ROC-AUC_std,n_params
PC algorithm (single run),thesis_pc,0.778 ± 0.028,0.764 ± 0.031,0.846 ± 0.035,0.7777816963498502,0.028321002602293564,0.7635212386058903,0.03077262327156753,0.8458552499329939,0.035134051273598955,16
PC stability selection,stability,0.793 ± 0.030,0.779 ± 0.034,0.849 ± 0.032,0.7928231352495152,0.02995883561333556,0.7788381884394155,0.0338444543639556,0.8490843886804254,0.03222157345113648,12
