Method,Mask,Accuracy,Macro-F1,ROC-AUC,Accuracy_mean,Accuracy_std,Macro-F1_mean,Macro-F1_std,ROC-AUC_mean,ROC-AUC_std,Mean_n_params
PC algorithm (single run),pc,0.795 ± 0.015,0.781 ± 0.018,0.849 ± 0.021,0.7947628284253219,0.014525442115469214,0.7813397992404595,0.01831666749906194,0.8490102351916378,0.02093516809204837,14.6
PC stability selection,stability,0.782 ± 0.023,0.765 ± 0.026,0.829 ± 0.034,0.7815200141068595,0.022847832528592488,0.7648230258790248,0.02624769137745182,0.8291520090681676,0.03377847661755087,12.4
